frame,direction,cen,dmn
frame,direction,cen,dmn
frame,direction,cen,dmn
frame,direction,cen,dmn
frame,direction,cen,dmn
frame,direction,cen,dmn
frame,direction,cen,dmn
frame,direction,cen,dmn
frame,direction,cen,dmn
frame,direction,cen,dmn
frame,direction,cen,dmn
frame,direction,cen,dmn
frame,direction,cen,dmn
frame,direction,cen,dmn
frame,direction,cen,dmn
frame,direction,cen,dmn
frame,direction,cen,dmn
frame,direction,cen,dmn
frame,direction,cen,dmn
frame,direction,cen,dmn
frame,direction,cen,dmn
frame,direction,cen,dmn
frame,direction,cen,dmn
